model,MAE,RMSE,R2
Linear,0.15651897512573618,0.2033816693649575,0.7270406373362446
Ridge,0.15651731529595317,0.20338112586553567,0.7270420961998485
RandomForest,0.12393156650238175,0.1655356810747787,0.8191753554691547
